9,https://res.cloudinary.com/dx6qjxz55/image/upload/v1711201639/women-trenchcoat_ssptmi.webp,product image,image description,TRUE,
9,https://res.cloudinary.com/dx6qjxz55/image/upload/v1711204128/women-trenchcoat2_iygwmj.webp,product image,image description,,
9,https://res.cloudinary.com/dx6qjxz55/image/upload/v1711204129/women-trenchcoat-3_oyb3ho.webp,product image,image description,,
9,https://res.cloudinary.com/dx6qjxz55/image/upload/v1711204130/women-trenchcoat-4_bpcssa.webp,product image,image description,,TRUE
10,https://res.cloudinary.com/dx6qjxz55/image/upload/v1711201635/wide-leg-pants_fvoalf.webp,product image,image description,TRUE,
10,https://res.cloudinary.com/dx6qjxz55/image/upload/v1711201636/wide-leg-pants-3_rhrylq.webp,product image,image description,,
10,https://res.cloudinary.com/dx6qjxz55/image/upload/v1711201637/wide-leg-pants-4_nm27xx.webp,product image,image description,,TRUE
10,https://res.cloudinary.com/dx6qjxz55/image/upload/v1711201636/wide-leg-pants-2_ptk5gq.webp,product image,image description,,
11,https://res.cloudinary.com/dx6qjxz55/image/upload/v1711201635/men-jacket4_zqo6m8.webp,product image,image description,TRUE,
11,https://res.cloudinary.com/dx6qjxz55/image/upload/v1711204086/men-jacket-1_h5e4vj.webp,product image,image description,,
11,https://res.cloudinary.com/dx6qjxz55/image/upload/v1711204087/men-jacket-2_oxhool.webp,product image,image description,,
11,https://res.cloudinary.com/dx6qjxz55/image/upload/v1711204088/men-jacket-3_ynz3qb.webp,product image,image description,,TRUE
11,https://res.cloudinary.com/dx6qjxz55/image/upload/v1711204089/men-jacket-5_umvayb.webp,product image,image description,,
12,https://res.cloudinary.com/dx6qjxz55/image/upload/v1711204126/women-shirt-dress-3_xdnsvz.webp,product image,image description,TRUE,
12,https://res.cloudinary.com/dx6qjxz55/image/upload/v1711204125/women-shirt-dress-2_exphk4.webp,product image,image description,,
12,https://res.cloudinary.com/dx6qjxz55/image/upload/v1711204124/women-shirt-dress_fecgu4.jpg,product image,image description,,
12,https://res.cloudinary.com/dx6qjxz55/image/upload/v1711204126/women-shirt-dress-4_n6xv0h.webp,product image,image description,,TRUE
12,https://res.cloudinary.com/dx6qjxz55/image/upload/v1711204127/women-shirt-dress-5_irl5zd.webp,product image,image description,,
13,https://res.cloudinary.com/dx6qjxz55/image/upload/v1711204120/women-oversized-dress_pjyzbo.jpg,product image,image description,TRUE,
13,https://res.cloudinary.com/dx6qjxz55/image/upload/v1711204120/women-oversized-dress-2_mwjezf.webp,product image,image description,,
13,https://res.cloudinary.com/dx6qjxz55/image/upload/v1711204121/women-oversized-dress-3_aicbzq.webp,product image,image description,,
13,https://res.cloudinary.com/dx6qjxz55/image/upload/v1711204123/women-oversized-dress-4_ek34j4.webp,product image,image description,,
13,https://res.cloudinary.com/dx6qjxz55/image/upload/v1711204123/women-oversized-dress-5_bmp8bn.webp,product image,image description,,TRUE
14,https://res.cloudinary.com/dx6qjxz55/image/upload/v1711201638/women-jeans2_n0njqj.webp,product image,image description,TRUE,
14,https://res.cloudinary.com/dx6qjxz55/image/upload/v1711204118/women-jeans-3_shlys3.webp,product image,image description,,
14,https://res.cloudinary.com/dx6qjxz55/image/upload/v1711204117/women-jeans-2_tkcejk.webp,product image,image description,,
14,https://res.cloudinary.com/dx6qjxz55/image/upload/v1711201638/women-jeans_zbdozo.webp,product image,image description,,TRUE
14,https://res.cloudinary.com/dx6qjxz55/image/upload/v1711204119/women-jeans-4_tlwl4r.webp,product image,image description,,
15,https://res.cloudinary.com/dx6qjxz55/image/upload/v1711204116/women-boucl%C3%A9-jacket-4_fchiin.webp,product image,image description,TRUE,
15,https://res.cloudinary.com/dx6qjxz55/image/upload/v1711204116/women-boucl%C3%A9-jacket-3_cp7nco.webp,product image,image description,,
15,https://res.cloudinary.com/dx6qjxz55/image/upload/v1711204115/women-boucl%C3%A9-jacket-2_akc1l5.webp,product image,image description,,TRUE
15,https://res.cloudinary.com/dx6qjxz55/image/upload/v1711204114/women-boucl%C3%A9-jacket_nmwor2.jpg,product image,image description,,
16,https://res.cloudinary.com/dx6qjxz55/image/upload/v1711204109/men-twill-overshirt_omudyf.jpg,product image,image description,TRUE,
16,https://res.cloudinary.com/dx6qjxz55/image/upload/v1711204113/men-twill-overshirt-6_rrv0jl.webp,product image,image description,,
16,https://res.cloudinary.com/dx6qjxz55/image/upload/v1711204110/men-twill-overshirt-3_n9uttu.webp,product image,image description,,
16,https://res.cloudinary.com/dx6qjxz55/image/upload/v1711204110/men-twill-overshirt-2_kkmtf5.webp,product image,image description,,
16,https://res.cloudinary.com/dx6qjxz55/image/upload/v1711204111/men-twill-overshirt-4_g0sdqq.webp,product image,image description,,
16,https://res.cloudinary.com/dx6qjxz55/image/upload/v1711204112/men-twill-overshirt-5_cyd5mg.webp,product image,image description,,TRUE
17,https://res.cloudinary.com/dx6qjxz55/image/upload/v1711204104/men-traight-jeans_rrld4p.jpg,product image,image description,TRUE,
17,https://res.cloudinary.com/dx6qjxz55/image/upload/v1711204105/men-traight-jeans-2_ogbacb.webp,product image,image description,,
17,https://res.cloudinary.com/dx6qjxz55/image/upload/v1711204105/men-traight-jeans-3_bb15vn.webp,product image,image description,,
17,https://res.cloudinary.com/dx6qjxz55/image/upload/v1711204106/men-traight-jeans-4_yellaw.webp,product image,image description,,
17,https://res.cloudinary.com/dx6qjxz55/image/upload/v1711204106/men-traight-jeans-4_yellaw.webp,product image,image description,,
17,https://res.cloudinary.com/dx6qjxz55/image/upload/v1711204107/men-traight-jeans-5_ckt6dv.webp,product image,image description,,TRUE
18,https://res.cloudinary.com/dx6qjxz55/image/upload/v1711204100/Men-Slim-Fit-Turtleneck-Sweater_gno1fl.jpg,product image,image description,TRUE,
18,https://res.cloudinary.com/dx6qjxz55/image/upload/v1711204100/Men-Slim-Fit-Turtleneck-Sweater-2_ir9ubo.webp,product image,image description,,
18,https://res.cloudinary.com/dx6qjxz55/image/upload/v1711204101/Men-Slim-Fit-Turtleneck-Sweater-3_xktwhs.webp,product image,image description,,TRUE
18,https://res.cloudinary.com/dx6qjxz55/image/upload/v1711204102/Men-Slim-Fit-Turtleneck-Sweater-4_vf7igm.webp,product image,image description,,
18,https://res.cloudinary.com/dx6qjxz55/image/upload/v1711204103/Men-Slim-Fit-Turtleneck-Sweater-5_wcog3f.webp,product image,image description,,
19,https://res.cloudinary.com/dx6qjxz55/image/upload/v1711204096/men-Loose-Fit-Polo-Sweater_ihnsks.jpg,product image,image description,TRUE,
19,https://res.cloudinary.com/dx6qjxz55/image/upload/v1711204096/men-Loose-Fit-Polo-Sweater-2_upte2c.webp,product image,image description,,
19,https://res.cloudinary.com/dx6qjxz55/image/upload/v1711204097/men-Loose-Fit-Polo-Sweater-3_ryggq2.webp,product image,image description,,
19,https://res.cloudinary.com/dx6qjxz55/image/upload/v1711204098/men-Loose-Fit-Polo-Sweater-4_ilr4le.webp,product image,image description,,TRUE
19,https://res.cloudinary.com/dx6qjxz55/image/upload/v1711204099/men-Loose-Fit-Polo-Sweater-5_lgl6w1.webp,product image,image description,,
20,https://res.cloudinary.com/dx6qjxz55/image/upload/v1711204090/men-loose-fit-pants_dpz5fe.jpg,product image,image description,TRUE,
20,https://res.cloudinary.com/dx6qjxz55/image/upload/v1711204090/men-loose-fit-pants-2_dxolci.webp,product image,image description,,
20,https://res.cloudinary.com/dx6qjxz55/image/upload/v1711204091/men-loose-fit-pants-3_gij88m.webp,product image,image description,,
20,https://res.cloudinary.com/dx6qjxz55/image/upload/v1711204092/men-loose-fit-pants-4_cweeau.webp,product image,image description,,
20,https://res.cloudinary.com/dx6qjxz55/image/upload/v1711204093/men-loose-fit-pants-5_aixgxi.webp,product image,image description,,
20,https://res.cloudinary.com/dx6qjxz55/image/upload/v1711204094/men-loose-fit-pants-6_oajj7b.webp,product image,image description,,TRUE
20,https://res.cloudinary.com/dx6qjxz55/image/upload/v1711204095/men-loose-fit-pants-7_mgktk3.webp,product image,image description,,
21,https://res.cloudinary.com/dx6qjxz55/image/upload/v1711204083/kids-white-shirt_cxajtu.jpg,product image,image description,TRUE,
21,https://res.cloudinary.com/dx6qjxz55/image/upload/v1711204084/kids-white-shirt-2_dvtb5s.webp,product image,image description,,
21,https://res.cloudinary.com/dx6qjxz55/image/upload/v1711204085/kids-white-shirt-3_wr236x.webp,product image,image description,,
21,https://res.cloudinary.com/dx6qjxz55/image/upload/v1711204086/kids-white-shirt-4_kbskbq.webp,product image,image description,,TRUE
22,https://res.cloudinary.com/dx6qjxz55/image/upload/v1711204078/kids-skinny-jeans_kd7wso.jpg,product image,image description,TRUE,
22,https://res.cloudinary.com/dx6qjxz55/image/upload/v1711204078/kids-skinny-jeans-2_qhqmks.webp,product image,image description,,
22,https://res.cloudinary.com/dx6qjxz55/image/upload/v1711204079/kids-skinny-jeans-3_zroafc.webp,product image,image description,,
22,https://res.cloudinary.com/dx6qjxz55/image/upload/v1711204080/kids-skinny-jeans-4_qaskpf.webp,product image,image description,,
22,https://res.cloudinary.com/dx6qjxz55/image/upload/v1711204081/kids-skinny-jeans-5_jf9nmu.webp,product image,image description,,TRUE
22,https://res.cloudinary.com/dx6qjxz55/image/upload/v1711204082/kids-skinny-jeans-6_y2jdxh.webp,product image,image description,,
22,https://res.cloudinary.com/dx6qjxz55/image/upload/v1711204082/kids-skinny-jeans-7_otg5u3.webp,product image,image description,,
23,https://res.cloudinary.com/dx6qjxz55/image/upload/v1711204075/kids-jacket_ks0tys.jpg,product image,image description,TRUE,
23,https://res.cloudinary.com/dx6qjxz55/image/upload/v1711204075/kids-jacket-2_gymifl.webp,product image,image description,,
23,https://res.cloudinary.com/dx6qjxz55/image/upload/v1711204076/kids-jacket-3_bbhkdi.webp,product image,image description,,TRUE
23,https://res.cloudinary.com/dx6qjxz55/image/upload/v1711204077/kids-jacket-4_ki35wm.webp,product image,image description,,